day,type,transactions,fraud_transactions,total_amount,fraud_amount
1,CASH_IN,124026,0.0,21238119433.0,0.0
1,CASH_OUT,204397,141.0,37494515023.0,105052284.0
1,TRANSFER,46686,130.0,31178878560.0,106111543.0
2,CASH_IN,99707,0.0,16815829535.0,0.0
2,CASH_OUT,164605,156.0,30174273583.0,189542213.0
2,TRANSFER,38269,153.0,22574782086.0,189697472.0
3,CASH_IN,137,0.0,23705177.0,0.0
3,CASH_OUT,240,155.0,210208802.0,197254430.0
3,TRANSFER,189,155.0,210011250.0,197254430.0
4,CASH_IN,4848,0.0,784294262.0,0.0
4,CASH_OUT,6252,131.0,1266226024.0,219123408.0
4,TRANSFER,2514,131.0,1651877310.0,219123408.0
5,CASH_IN,1450,0.0,242178772.0,0.0
5,CASH_OUT,1769,126.0,421612593.0,122490289.0
5,TRANSFER,906,126.0,610592605.0,122490289.0
6,CASH_IN,99972,0.0,17379844611.0,0.0
6,CASH_OUT,159596,114.0,29962552929.0,183616791.0
6,TRANSFER,36314,114.0,24033728825.0,183616791.0
7,CASH_IN,93735,0.0,15839130159.0,0.0
7,CASH_OUT,151338,136.0,27521970690.0,200895064.0
7,TRANSFER,34721,136.0,22074097462.0,200895064.0
8,CASH_IN,99924,0.0,16683139677.0,0.0
8,CASH_OUT,159368,140.0,27933095710.0,176278328.0
8,TRANSFER,37674,138.0,23768050465.0,175715689.0
9,CASH_IN,89361,0.0,14255385479.0,0.0
9,CASH_OUT,147654,128.0,23897607194.0,189954441.0
9,TRANSFER,33995,127.0,18469103070.0,194616814.0
10,CASH_IN,85807,0.0,14692048873.0,0.0
10,CASH_OUT,139113,142.0,25039530978.0,186597841.0
10,TRANSFER,32717,140.0,23525827933.0,186462857.0
11,CASH_IN,91109,0.0,14978952975.0,0.0
11,CASH_OUT,148021,131.0,24527038700.0,209556941.0
11,TRANSFER,34088,131.0,19144798796.0,210899943.0
12,CASH_IN,74454,0.0,11448513499.0,0.0
12,CASH_OUT,121504,149.0,18001297741.0,213723260.0
12,TRANSFER,27836,149.0,27118394433.0,214259884.0
13,CASH_IN,95840,0.0,16810218129.0,0.0
13,CASH_OUT,151884,121.0,27505796083.0,212075245.0
13,TRANSFER,36773,121.0,91840093138.0,212075245.0
14,CASH_IN,87298,0.0,15310475051.0,0.0
14,CASH_OUT,138626,123.0,24833679745.0,136935917.0
14,TRANSFER,33898,123.0,57625423333.0,136935917.0
15,CASH_IN,89636,0.0,15187645483.0,0.0
15,CASH_OUT,140175,125.0,24414977154.0,194995405.0
15,TRANSFER,33776,125.0,35882860059.0,194995405.0
16,CASH_IN,82591,0.0,14072988949.0,0.0
16,CASH_OUT,131588,126.0,22830504394.0,167799567.0
16,TRANSFER,31556,126.0,29249666861.0,167799567.0
17,CASH_IN,93494,0.0,16180255844.0,0.0
17,CASH_OUT,152162,160.0,26218755454.0,316018129.0
17,TRANSFER,35618,160.0,29536703239.0,320910322.0
18,CASH_IN,5065,0.0,834857573.0,0.0
18,CASH_OUT,6201,134.0,1268186671.0,262540485.0
18,TRANSFER,1867,134.0,1507038057.0,282125525.0
19,CASH_IN,2709,0.0,420175723.0,0.0
19,CASH_OUT,3230,128.0,688469565.0,230364092.0
19,TRANSFER,993,128.0,781852934.0,230364092.0
20,CASH_IN,4366,0.0,768702632.0,0.0
20,CASH_OUT,6191,118.0,1168512873.0,138341664.0
20,TRANSFER,1951,118.0,1577265705.0,138341664.0
21,CASH_IN,5634,0.0,958074265.0,0.0
21,CASH_OUT,7567,136.0,1435561947.0,194611309.0
21,TRANSFER,2541,136.0,2324646364.0,194611309.0
22,CASH_IN,12005,0.0,1977852668.0,0.0
22,CASH_OUT,16732,128.0,2925898070.0,204409321.0
22,TRANSFER,4797,128.0,4326018142.0,204409321.0
23,CASH_IN,11552,0.0,1976997662.0,0.0
23,CASH_OUT,16132,108.0,2717095327.0,109694686.0
23,TRANSFER,4658,108.0,3258732065.0,109694686.0
24,CASH_IN,7417,0.0,1297385681.0,0.0
24,CASH_OUT,10676,140.0,1978674043.0,165457472.0
24,TRANSFER,3098,140.0,1844461257.0,169033769.0
25,CASH_IN,13088,0.0,2182680756.0,0.0
25,CASH_OUT,19054,120.0,3165375701.0,153925806.0
25,TRANSFER,5349,120.0,3615779626.0,154279680.0
26,CASH_IN,3289,0.0,540132665.0,0.0
26,CASH_OUT,4214,136.0,795112323.0,196697165.0
26,TRANSFER,1244,136.0,841565164.0,199239829.0
27,CASH_IN,2093,0.0,357315320.0,0.0
27,CASH_OUT,2834,140.0,693212331.0,213598372.0
27,TRANSFER,888,140.0,669837464.0,223997417.0
28,CASH_IN,3576,0.0,616923469.0,0.0
28,CASH_OUT,4229,124.0,935595788.0,187215492.0
28,TRANSFER,1495,124.0,1404506496.0,190656534.0
29,CASH_IN,12682,0.0,2102150749.0,0.0
29,CASH_OUT,17965,130.0,3262505550.0,250973387.0
29,TRANSFER,5348,130.0,3765881812.0,250973387.0
30,CASH_IN,2419,0.0,391416841.0,0.0
30,CASH_OUT,4047,134.0,912604520.0,246915722.0
30,TRANSFER,1014,134.0,643974235.0,250086808.0
31,CASH_OUT,136,136.0,212547716.0,212547716.0
31,TRANSFER,136,136.0,235538519.0,235538519.0
