hour_of_day,transactions,fraud_transactions,fraud_rate_pct
0,18214,300.0,1.647
1,6005,358.0,5.962
2,1922,372.0,19.355
3,780,326.0,41.795
4,512,274.0,53.516
5,632,366.0,57.911
6,904,358.0,39.602
7,2542,328.0,12.903
8,10302,368.0,3.572
9,120028,341.0,0.284
10,187024,375.0,0.201
11,198240,324.0,0.163
12,218561,339.0,0.155
13,213906,346.0,0.162
14,199362,353.0,0.177
15,188136,341.0,0.181
16,200906,345.0,0.172
17,202806,353.0,0.174
18,270681,343.0,0.127
19,299933,342.0,0.114
20,238889,340.0,0.142
21,90926,347.0,0.382
22,61164,351.0,0.574
23,38034,323.0,0.849
